1,Carlo Ancelotti,27/9/1972
2,Pep Guardiola,19/7/1963
3,Diego Simeone,26/4/1960
4,Mauricio Pochettino,18/4/1971
5,Jurgen Klopp,16/8/1976
6,Erik Ten Hag,13/1/1960
7,Ange Postecoglou,3/11/1965
8,Xavier Hernandez,13/5/1969
9,Thomas Tuchel,4/1/1957
10,Edin Terzic,15/11/1973
11,Xabier Alonso,29/8/1966
12,Massimiliano Allegri,21/8/1973
13,Simeone Inzaghi,18/2/1961
14,Stefano Pioli,3/10/1957
15,Daniele De Rossi,3/12/1961
16,Francesco Calzona,1/3/1970
17,Luis Enrique,24/8/1971
18,Mikel Arteta,26/7/1964
19,Lisa Mcdaniel,5/10/1961
20,Mrs. Megan Doyle,14/3/1962
21,Michelle Obrien,13/3/1977
22,Robert Garcia,26/6/1967
23,James Perez,5/7/1961
24,Shelia Riddle,18/3/1978
25,Brittney Valdez,26/9/1975
26,Ryan Allen,14/11/1972
27,Jeffrey Porter,24/1/1977
28,Angela Johnson,9/9/1974
29,Theresa Mason,20/12/1979
30,Juan Brown,1/7/1958
31,Kimberly Taylor,26/6/1962
32,Keith Yang,31/3/1969
33,Michael Mclaughlin,5/3/1959
34,Michael Mathis,19/6/1969
35,Jill Griffin,6/8/1971
36,David Johnson,1/6/1975
37,Lauren Wade,17/7/1972
38,Veronica Brown,16/10/1969
39,Ariel Lewis,6/5/1960
40,Natalie Carter,26/2/1973
41,Troy Garcia,11/4/1968
42,Lori Wyatt,6/4/1971
43,Donald Smith,11/6/1961
44,James Hurst,5/6/1977
45,Christopher James,10/12/1973
46,Barbara Mathews,15/1/1968
47,Dawn Stewart,23/1/1957
48,Diana Austin,5/8/1979
49,Richard Velez,12/12/1976
50,Stephanie Sweeney,13/2/1976
51,Jacob Edwards DVM,12/5/1973
52,Sandra Morris,24/1/1977
53,Charles Li,28/7/1968
54,Katelyn Owens,6/8/1970
55,Daniel Clark,26/4/1965
56,Jerry Robles,22/1/1963
57,Ryan Rodriguez,21/7/1973
58,David Anderson,25/10/1968
59,Michelle Carter,24/6/1961
60,Samuel Franco,28/8/1968
61,Karen Medina,6/4/1966
62,Robert Taylor,20/4/1977
63,Chelsea Howell,25/9/1977
64,Alice Edwards,23/2/1968
65,Elizabeth Larson,4/11/1965
66,Gary Schwartz,31/12/1959
67,Brian Curtis,11/7/1964
68,Sharon Buchanan,31/1/1964
69,Charles Brown,27/7/1974
70,Patrick Shepard,15/9/1956
71,Mario Robinson,11/2/1962
72,Kathleen Bray,14/11/1966
73,Julie Hurley,20/4/1957
74,Jesse Morris,1/5/1959
75,Joseph Holt,4/1/1978
76,David Powers,17/8/1969
77,Gwendolyn Davidson,6/9/1961
78,Deborah Cruz,27/2/1967
79,Kara Smith,3/9/1979
80,William Perry,15/12/1977
81,Nicholas Hall,8/8/1979
82,Emily Smith,1/10/1977
83,Jonathan Wells,7/3/1973
84,Emma Evans,13/9/1956
85,Andre Mathews,22/11/1962
86,Jonathan Ward,1/7/1973
87,Paula Wilson,22/9/1960
88,Alexandra Craig,11/12/1963
89,Marcus Ball,21/7/1978
90,Joshua Davis,3/4/1973
91,Amy Kennedy,16/3/1962
92,Audrey Rubio,19/12/1974
93,Craig Brown,22/8/1964
94,Rachel Sandoval,12/7/1972
95,Jason Cunningham,15/10/1970
96,Amanda Howard,15/6/1962
97,Adam Reed,3/11/1958
98,Rachel Jackson,5/5/1980
99,Patricia Erickson,20/2/1969
100,Michael Gutierrez,11/9/1975
101,Michael Wolf,27/6/1969
102,Kristine Walker,1/6/1957
103,Rebecca Gibson,17/5/1958
104,Christine Chambers,28/6/1960
105,Charles Williams,25/1/1962
106,Donald Cuevas,29/9/1975
107,Heather Miller,9/8/1978
108,Eric Wise,12/9/1976
109,Lawrence Flores,21/5/1964
110,Christina Jimenez,17/4/1960
111,Claudia Johnson,18/8/1965
112,Jennifer Hall,13/11/1961
113,Sheila Wells,20/2/1977
114,Melissa Simpson,5/9/1976
115,Daniel Baker,10/12/1961
116,Nicholas Morse,5/4/1976
117,Jamie Kelly,31/10/1972
118,Amy Dunn,27/8/1971
119,Shannon Clark,15/12/1967
120,Stephanie White,7/1/1966
121,Caitlin Jones,3/7/1959
122,Brenda Wolfe,14/5/1975
123,Robert Rios,20/8/1961
124,Travis Hess,18/12/1979
125,Gabriel Warner,22/4/1961
126,Samuel Trevino,3/7/1974
127,Alicia Valencia,17/10/1962
128,Carolyn Richard,16/2/1974
129,Vicki Bullock,9/11/1959
130,Carol Coleman,4/1/1958
131,Penny Burke,8/10/1958
132,Robert Weber,24/1/1962
133,Lori Brandt,26/12/1961
134,Kendra Phillips,23/2/1973
135,Mrs. Deborah Choi,8/7/1978
136,Michelle Lewis,15/11/1972
137,Charles Alexander,11/5/1964
138,Brandon Wade,16/12/1956
139,Anthony Peterson,31/7/1968
140,Vincent Dunn,26/1/1978
141,Christopher Davis,26/11/1958
142,Christopher Ward,26/3/1958
143,Yvonne Valentine,26/6/1974
144,Robert Watts,18/1/1960
145,Michael Olsen,24/8/1960
146,Jason Moreno,12/11/1970
147,Kim Murphy,29/10/1965
148,Benjamin Michael,5/6/1959
149,Robert Foster,27/5/1979
150,Matthew Brown,11/6/1966
151,Anna Mcdonald,4/11/1958
152,Catherine West,21/3/1973
153,Becky Daniel MD,6/2/1980
154,Phyllis Williams,15/7/1956
155,Allison Grimes,20/3/1962
156,Christian Davis,2/10/1966
157,Heather Miller DDS,4/10/1962
158,Dakota Vang,6/5/1958
159,Cheryl Williams,4/8/1977
160,Cynthia Watson,5/3/1978
161,Alice Kim,6/4/1958
162,Alec Andrews,26/5/1960
163,David Wagner,18/2/1964
164,Lauren Wallace,24/11/1963
165,Gina Guzman,11/12/1957
166,Melissa Morris,10/7/1965
167,Michelle George,18/9/1978
168,Michael Gonzalez,25/12/1964
169,Ms. Sharon Shea,5/7/1966
170,Gregory Anderson,18/7/1977
171,Madeline Webb,20/11/1968
172,Andrea Hamilton,27/11/1969
173,Franklin Garcia,12/4/1968
174,Robert Moore,19/6/1970
175,Pamela Ford,24/10/1961
176,Mario Miller,23/4/1976
177,Robin Acosta,4/9/1972
178,Mrs. Vanessa Mclaughlin,2/2/1966
179,Tiffany Walker,20/3/1964
180,Jaime Stokes,17/10/1959
181,Laura Roberts,5/2/1961
182,Sharon Yoder,4/8/1957
183,Audrey Hayes,7/6/1963
184,April Reynolds DDS,23/3/1979
185,Karina Smith,31/12/1964
186,Karen Garcia,23/5/1960
187,Ralph Lang,1/8/1974
188,Kristie Phillips,2/12/1970
189,Laura Scott,31/3/1977
190,William James,24/12/1961
191,Amanda Wu,25/1/1971
192,Kelsey Robles DDS,25/1/1980
193,Brandon Jones,10/7/1969
194,Denise Collins,11/1/1973
195,Brian Griffin,29/10/1964
196,Robert Barber,14/12/1956
197,Jordan Nichols,23/10/1959
198,Kenneth Hall,5/9/1978
199,Terri Watson,24/4/1959
200,Daryl Schneider,21/1/1975
201,Kristin Perry,26/7/1973
202,Chad Bailey,15/4/1965
203,Albert Pena,4/1/1974
204,Craig Price,19/7/1956
205,Debra Wilson,5/1/1957
206,Paul Martin,29/3/1973
207,Kristina Bartlett,13/12/1961
208,Trevor Fry,18/6/1965
209,Alan Cruz,27/1/1975
210,Jeffery Clements,17/8/1978
211,Theresa Grant,26/7/1965
212,Michael Mann,14/7/1963
213,Deanna Carpenter,6/5/1979
214,Dr. Thomas Braun,25/3/1957
215,Cindy Jones,5/6/1962
216,Brenda Davies,1/4/1980
217,Jamie Banks,19/8/1959
218,David Perez,30/5/1970
219,Taylor Lopez,11/4/1970
220,Marie Haney,20/5/1957
221,Matthew Anderson,21/10/1974
222,Tyler Thomas,7/1/1960
223,Joseph Cook,7/12/1958
224,Michael Chavez,20/5/1974
225,Shane Scott,17/10/1971
226,Margaret Baker,12/4/1968
227,Miss Olivia Mayo,29/9/1973
228,Kari Wilson,10/5/1960
229,Jeffery Moore,1/8/1961
230,Bryan Rivers,17/5/1979
231,Joseph Johnson,28/1/1971
232,Kyle Boyer,10/11/1972
233,Christian Gonzalez,1/6/1972
234,Shannon Leon DVM,9/7/1969
235,Dave Hunt,21/6/1965
236,Michelle Meyer,10/11/1965
237,Scott Davis,12/4/1967
238,Mark Williams,17/12/1957
239,Amy Best,6/8/1965
240,Brittany Bell,20/2/1968
241,Mary Casey,13/9/1973
242,Joanna Young,25/4/1968
243,Olivia Mitchell,14/3/1979
244,Ruth Harris,24/7/1961
245,Robert Watkins,26/8/1964
246,Deborah Hansen,31/7/1961
247,Jonathan Smith,23/5/1970
248,Christine Kelly,22/5/1973
249,Cynthia Davis,28/10/1969
250,Rachael Calhoun,14/2/1973
251,Evan Hale,29/11/1958
252,Susan Torres,12/4/1969
253,Amanda Rubio,11/6/1957
254,Justin Richardson,10/12/1979
255,Scott Watts,22/6/1969
256,Lori Frey,5/9/1969
257,Katherine Schneider,14/9/1975
258,Michael Hansen,18/12/1970
259,Jill Chandler,3/1/1964
260,Christy Anderson,10/10/1977
261,Michael Ponce,31/12/1976
262,Tiffany Smith,7/4/1960
263,Abigail Flores,2/12/1974
264,Travis Tucker,30/12/1961
265,Travis Smith,8/3/1967
266,Jason Carter,27/8/1974
267,Charles Barnett,29/10/1977
268,Harry Clay,21/8/1966
269,Kayla Torres,30/8/1971
270,Jeffery Long,14/3/1967
271,Brian Cruz,31/12/1963
272,Heather Torres,23/8/1972
273,Tanya Phelps,3/3/1964
274,Valerie Moss,23/5/1965
275,Brianna Rogers,20/10/1957
276,Christine Romero,19/4/1979
277,Ronald Parker,14/1/1971
278,Hector Lee,16/5/1964
279,Wendy Hill,8/5/1965
280,Lisa Smith,15/1/1967
281,Rachel Campbell,17/8/1975
282,Michelle Clark,14/12/1970
283,Suzanne Walton,21/8/1970
284,Matthew Gallagher,22/10/1962
285,Kimberly Cook,7/4/1957
286,Brandon Wallace,23/1/1980
287,Melanie Camacho,31/1/1964
288,Lawrence Walker,8/10/1974
289,Patrick Valdez,29/9/1973
290,Cassie Byrd,14/3/1962
291,Amy Walker,23/10/1977
292,James Johnson,24/1/1961
293,Michael Smith,9/7/1967
294,Frank Garrett,31/1/1974
295,Ian Lopez,7/2/1964
296,Angela Thompson,11/5/1973
297,Grace Murphy,6/12/1968
298,Russell Allen,11/2/1959
299,Matthew Hahn,24/6/1962
300,John Jones,14/11/1960
301,Mary Molina,29/11/1971
302,Daniel Callahan,7/1/1964
303,Joseph Little,17/12/1964
304,Shirley Gibbs,27/7/1958
305,Albert Frost,4/9/1965
306,Michael Johnson,6/6/1975
307,Colleen Lopez,20/10/1979
308,Tyrone Novak,19/6/1970
309,Justin Rogers,8/10/1960
310,Robert Randolph,16/2/1962
311,Natasha Mathis,8/7/1968
312,Robert Miller,22/11/1963
313,Lisa Rogers,31/10/1962
314,Brittany Miles,24/7/1969
315,Linda Smith,18/10/1959
316,Erin Williams,13/12/1964
317,Stephanie Walker,16/9/1973
318,Sarah Henderson,1/8/1974
319,Joseph Lopez,10/4/1975
320,Lindsay Mercer,6/8/1978
321,Jennifer Thomas,2/10/1965
322,Jeffrey Maxwell,19/4/1961
323,Roy Richardson,17/3/1968
324,Edwin Delgado,14/7/1961
325,Jessica Price,3/10/1958
326,Noah Holland,8/4/1962
327,Daniel Roberts,28/8/1961
328,Dr. Stephanie Williams,11/8/1957
329,Lauren Mcpherson,12/12/1958
330,Danielle Martin,28/3/1970
331,Margaret Martin,16/11/1958
332,Eric Anderson,22/11/1964
333,Michelle Gordon,21/10/1960
334,Crystal Chambers,20/1/1977
335,Eric Rivas,4/7/1964
336,Daniel Allen,25/2/1976
337,William Smith,11/6/1967
338,Jennifer Carter,23/4/1980
339,Kathy Marquez,8/10/1977
340,John Goodman,11/11/1958
341,Vanessa Martinez,7/9/1978
342,Mark Reese,14/2/1965
343,Kimberly Potts,2/6/1972
344,Gabriel Moore,20/8/1976
345,Crystal Jones,23/6/1976
346,Robert Molina,9/6/1960
347,Robert Clark,11/12/1969
348,Adam Sherman,24/1/1965
349,Michael Moore,18/2/1964
350,Steven Gonzalez,7/6/1971
351,Carol Conley,20/12/1956
352,Mariah George,24/8/1974
353,Samantha Young,23/6/1973
354,Ashley Fleming,18/3/1960
355,Brian Thomas,28/10/1978
356,Gloria Lamb,26/6/1961
357,Joel Frye,29/4/1960
358,William Reid,7/6/1970
359,Tracy Fox,16/3/1976
360,Matthew Ross,2/8/1975
361,Drew Reed,26/2/1972
362,Derek Hill,5/4/1964
363,Alexander Sharp,8/1/1957
364,Rebecca Brock,31/7/1956
365,James Young,20/7/1968
366,Michele Guzman,29/7/1975
367,Ryan Martinez,14/8/1964
368,Christopher Nash,27/8/1977
369,Mr. Stephen Dickerson,17/1/1962
370,Brittany Porter,11/1/1965
371,Mary Johnson,25/12/1957
372,Amy Blackwell,23/11/1961
373,Shawn Graham,29/12/1969
374,Dr. Michele Blake,8/2/1965
375,Mark Jones,29/7/1968
376,Alicia Gonzalez,24/12/1970
377,Seth York,15/5/1979
378,Paul Wells,16/11/1957
379,Gregory Quinn,13/6/1966
380,Stacy Flynn,20/1/1964
381,Tonya Smith,10/3/1978
382,Denise Griffin,4/2/1973
383,Bobby Edwards,4/6/1962
384,Andrew Taylor,6/4/1959
385,Maxwell Sloan,17/7/1976
386,Kelly Nelson,11/4/1980
387,Benjamin Juarez,2/2/1979
388,Michael Wilson,25/11/1956
389,Todd Richardson,18/10/1975
390,Elizabeth Zuniga,14/8/1957
391,Christina Tran,9/12/1958
392,Kevin Martinez,15/12/1978
393,Arthur Miller,15/10/1970
394,Erin Ortiz,9/6/1965
395,Melissa Walters,13/8/1958
396,Thomas Orr,9/3/1968
397,Douglas Mitchell,22/2/1962
398,Jerry Bauer,14/12/1976
399,Katherine Schultz,5/11/1963
400,Rachel Diaz,5/11/1971
401,Andrea Bates,8/1/1963
402,Teresa Hamilton,9/1/1977
403,Monica Murphy,23/7/1970
404,Amy Oconnor,14/10/1965
405,John Smith,7/9/1970
406,Sharon Cox,1/8/1960
407,Judy Cummings,22/2/1977
408,Krystal Davis,24/11/1978
409,James Coleman,22/3/1972
410,Shawn Beard,17/4/1974
411,Sean Reed,15/12/1961
412,Dominique Chavez,30/6/1963
413,Michael Medina,16/7/1979
414,Henry Estrada,15/6/1962
415,George Jackson,26/7/1958
416,Janet Martinez,20/4/1975
417,Dr. Jared Blankenship,21/12/1974
418,David Howard,19/8/1959
419,Melanie Bishop,23/10/1965
420,Lisa Hardy,18/4/1965
421,Kyle Washington,30/10/1970
422,Jay Reed,1/7/1972
423,Brenda Dunn,3/1/1969
424,Paul Smith,22/12/1961
425,Krista Hoffman,1/11/1970
426,Julie Jones,10/6/1961
427,Shannon Hernandez,20/4/1960
428,Jesus Mitchell,3/6/1969
429,Thomas Ryan,4/12/1964
430,Mary Johnson,13/10/1966
431,Beverly Alvarez,20/6/1957
432,Penny Knight,14/10/1974
433,Shane Miller,15/12/1959
434,Jeremy Moreno,20/2/1974
435,Natasha Scott,12/3/1958
436,Donald Edwards,16/4/1972
437,Michael Hernandez,23/5/1963
438,Betty Campbell,7/1/1977
439,Amanda Butler,25/11/1966
440,Caleb Evans,3/8/1961
441,Kevin Scott,11/12/1967
442,Michelle Boyd,29/9/1979
443,Jason Stevens,11/7/1970
444,Douglas Hicks,25/12/1974
445,Michael Kennedy,19/10/1970
446,Brandy Allen,16/6/1975
447,Mitchell Wilkins,29/7/1976
448,Cassandra Hardy,22/7/1964
449,Christopher Jacobs,19/12/1971
450,Jamie Long,23/2/1979
451,Benjamin Greer,11/5/1965
452,Brenda Landry,4/6/1967
453,Nicholas Khan,9/7/1961
454,Keith Simmons,22/8/1969
455,William Weber,20/8/1978
456,Deborah Castro,20/2/1960
457,Aimee Burns,21/2/1959
458,Eduardo Taylor,11/1/1962
459,Heather Paul,13/4/1959
460,Cameron Ray,21/8/1975
461,Austin Acosta,27/1/1978
462,Jason Koch,8/8/1964
463,Micheal Schmitt,6/3/1971
464,Robert Anthony,21/7/1965
465,Marcus Kelly,13/9/1960
466,Adrian Jones,29/9/1977
467,Jacob Sanders,29/1/1974
468,Desiree Carey,19/9/1961
469,Gregory Kelly,26/9/1974
470,Cassandra Simpson,29/4/1973
471,Steven Lawrence MD,3/3/1977
472,Christopher Hayes,26/12/1969
473,Susan Harris,13/7/1972
474,Aaron Valentine,29/12/1966
475,Linda Wilson,8/4/1971
476,Cheryl Gallagher,27/9/1959
477,James Brewer,18/3/1969
478,Seth Campos,30/3/1977
479,Kayla Bennett,24/9/1972
480,Donald Salinas,23/10/1964
481,Ann White,29/8/1971
482,Nicholas Collier,14/12/1972
483,Danielle Johnson,6/12/1966
484,James Beasley,9/7/1966
485,Karen Rojas,28/10/1971
486,James Jones,8/11/1962
487,Lauren Shaffer,12/10/1965
488,Rebecca Lowery,22/9/1964
489,Shane Singleton,5/2/1961
490,Richard Baldwin,4/11/1979
491,Makayla Leonard DVM,27/7/1959
492,Christina Meyer,8/12/1964
493,Brianna Olson,14/11/1971
494,Kenneth Saunders,3/12/1969
495,Jessica Compton,4/12/1964
496,Michael Leon,15/11/1978
497,Nathaniel Galloway,25/4/1966
498,Kristen Morales,3/1/1979
499,Roger Daniel,5/3/1978
500,Craig Smith,20/4/1963
501,Zachary Anderson,2/10/1956
502,Rebecca Pena,1/9/1963
503,Jason Stevens,10/12/1967
504,Johnny Joseph,1/12/1975
505,Caleb Carroll,23/12/1967
506,Scott Turner,2/6/1959
507,Julie Wise,22/5/1980
508,Andrew Miller,26/5/1964
509,Caroline Sellers,8/12/1969
510,Anthony Kirk,30/8/1978
511,Clifford Wright,6/5/1960
512,Jaime Mcdaniel,1/6/1961
513,Kimberly Kennedy,8/12/1963
514,Daniel Smith,12/11/1971
515,Tyler Cooper,25/6/1959
516,James Clark,29/6/1963
517,Matthew Wood,17/2/1965
518,Anthony Conrad,13/4/1977
519,Emma Erickson,2/10/1969
520,Jon Mcknight,9/3/1978
521,Michelle Kelley,13/8/1974
522,David Hodge,8/8/1961
523,Steven Hernandez,21/12/1976
524,Jennifer Foster,3/2/1964
525,Elizabeth Navarro,22/7/1978
526,Hannah Adkins,17/2/1965
527,Heidi Taylor,6/12/1979
528,Ethan Chandler,2/3/1963
529,Jeffrey Wilson,13/4/1967
530,Anthony Gomez,6/3/1979
531,Amanda Mendoza,25/9/1970
532,Samantha Jackson,25/9/1972
533,Joseph Torres,28/6/1969
534,Anthony Jordan,18/8/1965
535,Peter Simon,1/4/1961
536,Crystal Roberts,20/3/1976
537,Debra Miller,17/3/1961
538,Heather Miller,20/12/1972
539,Carlos Adams,15/12/1978
540,Ashley Phillips MD,4/6/1965
541,Jessica Lopez,20/8/1973
542,Robert Zuniga,9/10/1958
543,John Smith,8/3/1978
544,Brad Gomez,30/3/1974
545,Betty Brandt,15/1/1957
546,Andrew Cochran,25/5/1975
547,Dr. Bryan Atkins,16/11/1973
548,Cynthia Lopez,6/10/1974
549,Lindsey Wang,26/8/1968
550,Johnny Ruiz,23/7/1971
551,Doris Colon,15/7/1958
552,Kevin Ramirez,25/11/1961
553,Peggy Austin,2/5/1969
554,Mary Price,13/6/1968
555,Angelica Peterson,7/2/1961
556,Kyle Moore,26/9/1978
557,Audrey Conley,17/7/1957
558,Jerry Weber,5/8/1976
559,Philip Hall,31/1/1971
560,Susan Clay,23/2/1969
561,Manuel Johnson,20/1/1963
562,Regina Robinson,29/12/1962
563,Zachary Herrera,4/1/1961
564,Julie White,26/8/1978
565,Phillip Johnson,23/9/1960
566,Jessica Fuller,21/5/1978
567,Christina Barr,21/6/1959
568,Michael Hess,24/7/1969
569,Christopher Faulkner,3/3/1969
570,Michael Vasquez,4/3/1968
571,Alicia Butler,9/3/1961
572,Julie Tucker,14/4/1975
573,Tara Yates,12/8/1973
574,Karen Reyes,27/2/1968
575,Wendy Powell,14/10/1976
576,Bradley Campbell,14/11/1968
577,Cynthia Mendoza,10/6/1969
578,Jessica Brown,16/1/1960
579,Amanda Colon,10/7/1966
580,Breanna Hahn,23/9/1977
581,Julie Tucker,22/8/1976
582,Nancy Gibson,7/10/1963
583,Norman Chang,18/5/1979
584,Todd Flores,28/3/1976
585,Ashley Sanders,24/6/1970
586,Sarah Rivera,10/11/1974
587,Justin Reeves,21/1/1978
588,Michelle Howell,6/1/1969
589,Sarah Williams,17/9/1963
590,Sara Rojas,22/7/1966
591,Vincent Carney,8/8/1973
592,Michael Mccarty,10/11/1971
593,Jody Herrera,17/1/1969
594,Morgan Smith,20/1/1960
595,Jeremy Gomez,27/6/1964
596,Marcia Hunter,9/7/1976
597,Ashley Garcia,14/8/1973
598,Joseph Ward,17/1/1962
599,Russell Roberts,2/6/1965
600,Joe Huff,7/12/1979
601,Gary Cooley,29/11/1974
602,Joanne Smith,13/8/1969
603,Charles Stanley,12/5/1971
604,Lisa Sanford,15/5/1957
605,Autumn Clark,11/9/1976
606,Kaitlin Cook,15/3/1971
607,Ashley Willis,31/5/1961
608,Danielle Perez,17/6/1970
609,Johnny Brooks,25/7/1961
610,Jose Page,26/11/1968
611,Shannon Thomas,8/5/1979
612,Michael Saunders,5/7/1963
613,Jennifer Morgan,16/8/1957
614,Mark Hernandez,16/7/1968
615,Jason Chavez,6/9/1973
616,Brandon Price,12/7/1975
617,Harold Jones,6/10/1967
618,Sean Sellers,26/6/1971
619,Katherine Oconnor,29/10/1969
620,Gregory Moon,5/1/1971
621,Tiffany Byrd,29/6/1973
622,Anthony Ray,27/10/1959
623,Christopher Moore,26/2/1963
624,Michael Nguyen,5/12/1973
625,Stephanie Moore,2/1/1969
626,Stephanie Kent,6/5/1957
627,Melissa Thomas,12/11/1976
628,Carolyn Fox,26/10/1966
629,Michael Henry,5/11/1962
630,Amy Carroll,17/2/1959
631,Sierra Alexander PhD,6/9/1978
632,Tim Villanueva,7/10/1978
633,Yesenia Rodriguez MD,4/12/1956
634,Nicole Dennis,22/7/1979
635,Mr. Jack Chavez MD,3/4/1977
636,Steven Elliott,2/9/1970
637,Kelly Martin,8/5/1975
638,Justin Keller,28/1/1958
639,John Ruiz,13/11/1972
640,George Perez,4/4/1969
641,James Walker,17/6/1962
642,Bernard Washington,29/8/1966
643,Michelle Moore,21/4/1974
644,Bradley Chung,1/9/1974
645,Donna Marquez,29/10/1959
646,Norman Palmer,17/10/1958
647,Stephanie White,27/3/1965
648,Cynthia Lee,25/3/1965
649,Alexis Lee,30/9/1959
650,Julie Hunter,5/12/1969
651,Joseph Smith,28/2/1970
652,Brittany Gamble,22/8/1970
653,Chad Manning,18/9/1975
654,Stephanie Mcdaniel,12/5/1979
655,Samuel York,21/4/1973
656,Christopher Holt,2/7/1967
657,Rodney Johnson,19/1/1966
658,David Gonzales,20/9/1962
659,Angela Alvarez,29/1/1974
660,Christopher Wang,22/7/1975
661,Anthony Clayton,14/9/1977
662,Ms. Heather Terry,7/6/1973
663,Frank Harper,2/11/1970
664,Maria Rodriguez,11/6/1980
665,David Snyder,4/1/1965
666,Glenda Mitchell,18/10/1972
667,Clifford Patel MD,23/10/1958
668,Ethan Garcia,18/1/1978
669,Ashley Doyle,9/2/1962
670,Victoria Ortiz,28/9/1974
671,Linda Glover,23/7/1959
672,Oscar Harris,21/8/1971
673,Taylor Rogers,4/12/1963
674,Shelly Hodges,4/1/1975
675,Mr. Michael Arias MD,6/11/1978
676,George Hunter,23/4/1972
677,Jessica Clark,28/7/1973
678,Angela Ortega,31/8/1957
679,Bobby Perry,26/12/1966
680,Henry Pugh,14/12/1975
681,Christopher Smith,27/7/1973
682,Sandra Guzman,6/7/1966
683,William Nolan,26/9/1959
684,Matthew Marshall,22/5/1980
685,Alexander Wells,8/10/1978
686,Thomas Snyder,7/2/1967
687,Colin Flores,23/12/1968
688,Sarah Pitts,5/8/1965
689,Sandy Kelly,14/11/1971
690,Mr. Eric Berg DDS,14/6/1971
691,Geoffrey Perez,21/7/1973
692,Monica Chambers,5/8/1973
693,Jonathan Gordon,16/5/1971
694,Gregory Martin,27/4/1965
695,Lindsey Bean,12/5/1957
696,Janice White,28/5/1971
697,Jennifer Farrell,7/3/1959
698,Richard Smith,14/4/1979
699,Melissa Johnson,8/6/1980
700,Shawna Walter,6/5/1959
701,Anthony Robinson,15/2/1979
702,Dana Davis,5/7/1976
703,Patricia Charles,24/3/1979
704,Greg Mckenzie,16/8/1967
705,Brandon Rivera,1/7/1956
706,Elizabeth Brown,1/10/1963
707,Katherine Turner,21/2/1975
708,Mark Osborn,5/3/1968
709,Brittany Morales,13/9/1962
710,Rachel Summers,17/2/1966
711,Mrs. Anne Ortiz DDS,20/6/1978
712,Jean Ross,13/3/1966
713,Kimberly Robinson,15/8/1976
714,Dale Lee,2/2/1959
715,Abigail King,27/9/1969
716,Scott House,27/8/1962
717,Lisa Strong,25/8/1961
718,Kimberly Phelps,2/7/1977
719,Katelyn Price,29/2/1976
720,Brianna Fowler,29/8/1960
721,Ryan Morris,8/8/1960
722,Stephanie Lowery,27/10/1964
723,Christine Perez,14/9/1974
724,Benjamin Parker,8/5/1966
725,Cindy Peters,23/10/1956
726,Emily Middleton,11/12/1965
727,Ryan Morris,8/9/1978
728,Charles Gonzalez,13/10/1976
729,Tonya Anderson,20/10/1976
730,Alexander Graham,4/8/1964
731,Scott Page,29/8/1966
732,Sean Mack,3/5/1963
733,Calvin Ortega,28/8/1964
734,Michael Higgins,29/10/1969
735,Jason Murphy,6/5/1962
736,Ricardo Green,30/5/1973
737,John Evans,27/2/1975
738,James Briggs,21/7/1964
739,Elizabeth Owens,16/6/1960
740,Erin Mcmillan,29/7/1970
741,Kristen Wilson,15/11/1968
742,Kenneth Medina,18/7/1974
743,Joseph Murphy,24/12/1978
744,Jennifer Griffin,1/5/1966
745,Robert Berry,3/12/1976
746,Diane Bright,23/8/1976
747,Curtis Chase,15/1/1964
748,Kimberly Love,13/8/1956
749,Jonathan Johnson,28/7/1961
750,Anna Chang,29/11/1968
751,David Lloyd,8/2/1957
752,Matthew Mckinney,6/11/1967
753,Morgan Barnett,28/3/1960
754,Douglas Jackson,23/5/1980
755,Derek Rice,17/3/1977
756,Brett Hoffman,19/8/1963
757,Jessica Jones,15/10/1977
758,Jessica Buchanan,1/10/1965
759,David Harper,21/4/1957
760,Crystal Sherman,23/4/1958
761,Joshua Cherry,2/1/1979
762,Tracy Williamson MD,6/2/1965
763,Terry Gilbert,7/1/1962
764,Carla Long,27/2/1975
765,Nancy Taylor,4/6/1976
766,Holly Horn,22/3/1978
767,Keith Navarro,30/8/1957
768,Christopher Thomas,25/11/1974
769,Wayne Johns,14/3/1962
770,Mrs. Laura Pearson,30/3/1979
771,Haley Jimenez,31/7/1974
772,Joshua Barrett,22/12/1956
773,Mary Hansen,26/7/1975
774,Jeremy Nelson,14/2/1973
775,Ronald Hicks,24/7/1957
776,Misty Carlson,20/10/1977
777,Jason Duncan,23/2/1962
778,Robert Collier,1/10/1961
779,Ronnie Orr,10/11/1962
780,Lisa Fisher,7/3/1974
781,Mrs. Monique Evans,21/12/1963
782,Amanda Reese,19/5/1963
783,Joseph Hernandez,2/11/1959
784,Amanda Gibbs,22/7/1970
785,Dylan Doyle,19/3/1960
786,Meghan Hunter,7/6/1969
787,Zachary Mcgee,21/5/1958
788,Kevin Parker,28/2/1967
789,Savannah Juarez,9/5/1968
790,Mary Gonzalez,8/8/1957
791,Terry Davis MD,13/1/1959
792,Krista Blanchard,23/4/1976
793,Kari Lopez,26/7/1968
794,Marilyn Davis,18/4/1963
795,Charles Nelson,30/3/1973
796,Harry Smith,4/4/1970
797,Christy Armstrong,5/9/1971
798,Amanda Flores,28/9/1957
799,Carlos Hobbs,30/9/1972
800,Zachary Perez,24/10/1959
801,Pamela Caldwell,18/5/1979
802,Anthony Bradley,2/12/1958
803,Alyssa Tran,6/5/1973
804,George Jones,7/8/1957
805,Rhonda Cox,5/7/1969
806,Claire Gibson,3/8/1960
807,Evan Lopez,14/7/1973
808,Allen Galvan,1/3/1978
809,Christopher Bailey,4/5/1970
810,Kevin Miller,19/6/1959
811,Heather Le,9/5/1964
812,Suzanne Webb,2/12/1978
813,Taylor Smith,5/7/1975
814,Eric Robinson,12/8/1971
815,Manuel Chen,4/5/1964
816,Victor Martin,7/5/1969
817,Kathy Haynes,25/10/1965
818,Barbara Mcbride,25/3/1971
819,Steven Perkins,30/10/1976
820,Stephanie Hawkins MD,8/2/1973
821,Linda Horn,3/8/1971
822,John King,17/10/1971
823,Jessica Mendoza,15/11/1969
824,Monica Arellano,4/11/1967
825,Kathleen Savage,27/8/1973
826,Holly Brown,28/8/1964
827,Richard Edwards,16/5/1970
828,Levi Wiggins,19/10/1963
829,Veronica Mcgrath,30/1/1980
830,Jacqueline Ellis,24/12/1977
831,Melissa Benson,30/12/1963
832,Victoria Hall,10/4/1963
833,Emily Morton,2/5/1976
834,Amy Wilson,10/10/1970
835,Maria Mitchell,13/7/1974
836,Tammy Bell,24/1/1977
837,Scott Brown,15/5/1963
838,Ashley Diaz,8/2/1967
839,Kelsey Pierce,26/4/1967
840,Lisa Key,21/5/1962
841,Miss Emily Cortez DVM,8/8/1974
842,Matthew Martinez,20/2/1958
843,Theresa Powell,1/1/1973
844,Eric Beard,16/1/1964
845,Lisa Wells,9/10/1968
846,Patrick Rhodes,3/6/1969
847,James Stone,14/5/1971
848,Devin Casey,7/3/1979
849,Anne Buck,2/7/1962
850,Angela Stewart,11/3/1959
851,Cynthia Haney,7/11/1976
852,Melvin Hale,2/10/1969
853,Amy Miller,5/4/1975
854,Monica Rogers,11/10/1978
855,Melissa Ruiz,1/9/1978
856,Hunter Saunders,29/12/1977
857,Donna Rodriguez,4/1/1966
858,Kristi Benson,22/10/1964
859,Stacey Burch,6/8/1966
860,Jose Taylor,19/12/1957
861,Joseph Ortiz,8/1/1980
862,Ethan Black,22/12/1976
863,Michael Castro,10/6/1977
864,Nicholas Anderson,10/12/1968
865,Maureen Davis,2/6/1977
866,Sarah Garrison,20/3/1976
867,Cynthia Watson,3/10/1961
868,Kristen Cunningham,18/6/1959
869,Nicole Pena,4/4/1958
870,Kim Monroe,10/4/1979
871,Blake Nolan,19/6/1978
872,Juan Adams,31/5/1960
873,Joseph Perry,20/8/1968
874,Daniel Carpenter,22/4/1976
875,Seth Walton,1/8/1966
876,Marc Davila,18/9/1963
877,Marie Walker,12/8/1974
878,Stephanie Hartman,16/7/1973
879,Edward Carpenter,19/3/1961
880,Stephen Jones,10/8/1961
881,Sydney Carter,11/1/1963
882,Kristina Boyd,12/11/1972
883,Dawn Thompson,5/1/1974
884,Sydney Morse,17/8/1974
885,Kevin Garcia,4/3/1980
886,Cindy Gibbs,23/3/1968
887,Matthew Sparks,9/7/1975
888,Julie Robinson,29/9/1959
889,Ryan Hunter,18/2/1971
890,Chad Harrison,30/1/1978
891,Jared Terry,21/8/1978
892,Omar Robertson,30/4/1974
893,David Gomez,16/11/1968
894,David Young,19/9/1970
895,Terri Barber,26/10/1958
896,Michael Weber,15/3/1960
897,Julie Collier,6/11/1967
898,Reginald Fox,3/4/1962
899,Donna Davis,19/7/1979
900,Clarence Sanchez,11/4/1957
901,Joshua Davis MD,2/11/1961
902,Nicholas Parker,2/9/1979
903,Richard Jacobs,26/1/1977
904,Timothy Saunders,30/8/1961
905,Lindsey Marshall,6/6/1962
906,Gabriel Camacho,20/5/1977
907,Denise Meadows,13/7/1973
908,Keith Matthews,5/12/1957
909,Ricky Lopez,16/9/1978
910,Albert Kirk,12/5/1965
911,Alicia Roth,6/10/1979
912,Hannah Lewis PhD,6/12/1974
913,Steven Vargas,11/11/1959
914,Ian Marks,9/10/1967
915,Mallory King,17/10/1972
916,Morgan Wright,28/9/1969
917,Michelle Alexander,3/11/1979
918,Penny Bryan,9/8/1967
919,James Carter,28/5/1978
920,Derek Webb,28/11/1977
921,Cristina Burns,1/1/1961
922,Carol Taylor,6/4/1958
923,Jamie King,2/9/1963
924,Ashley Richardson,7/3/1966
925,Marco Cordova,23/2/1973
926,Joel Martinez,30/12/1964
927,Laura Pollard,9/8/1976
928,Jennifer Neal,24/4/1975
929,Michael Nguyen,9/12/1961
930,Alex Taylor,15/3/1967
931,Tammy Johnson,7/11/1957
932,Terry Wright,14/12/1963
933,Sabrina Martinez,11/12/1971
934,Sarah James,21/8/1979
935,Kristen Fischer,21/1/1977
936,Pamela Murillo,2/1/1972
937,Diane Gonzales,25/3/1974
938,Anthony Ortiz,20/11/1960
939,Jennifer Smith,2/5/1966
940,Jack Russell,14/12/1957
941,Michael Odonnell,24/9/1970
942,Cynthia Robinson,14/8/1964
943,Morgan Cohen,15/7/1960
944,Laura Scott,29/9/1972
945,Katelyn Estrada,8/8/1967
946,Adrian Robinson,29/6/1966
947,Alyssa Jordan,26/11/1958
948,Kimberly Salazar,19/12/1969
949,Joshua Evans,26/1/1980
950,Anita Guzman,26/8/1965
951,Zachary Robbins,17/8/1971
952,Sarah Lawrence,17/10/1956
953,Jared Arroyo,29/4/1958
954,Dr. Jacob Robbins,4/6/1964
955,Harold Berry,27/8/1963
956,Arthur Aguirre,18/4/1979
957,Scott Davis,30/1/1961
958,Christina Hampton,13/11/1973
959,Vincent Rangel,20/7/1969
960,Samantha Reed,6/2/1977
961,Marcus Floyd,10/2/1959
962,Ashley Miller,7/9/1979
963,Lori Griffin,17/2/1957
964,Kevin Green,28/5/1971
965,Kayla Mitchell,11/3/1972
966,Sarah Watkins,17/12/1978
967,Jeffrey Sandoval,1/7/1972
968,Jessica Bowen,27/1/1971
969,Mr. Tim Johnson PhD,10/7/1975
970,Nathan Johnson,27/2/1974
971,Jordan Benson PhD,15/3/1976
972,Pamela Little,6/9/1974
973,Monique Velasquez,17/12/1962
974,Alexander Jones,2/12/1970
975,Samuel Stewart,7/12/1972
976,Kenneth Williams,25/2/1972
977,Anthony Barnett,6/8/1967
978,Steven Alexander,13/1/1979
979,Timothy Mercado,17/6/1965
980,Jack Sullivan,2/4/1978
981,Kathy Boyd,4/3/1973
982,Luis Hurst,21/5/1967
983,Stephanie Carey,16/11/1967
984,Joshua Carey,17/8/1968
985,Karen Anderson,25/9/1957
986,Jennifer Strickland,20/6/1960
987,Samuel Crawford,28/12/1968
988,Rick Hall,30/1/1963
989,Kelly Allison,4/10/1956
990,Cynthia Mills,11/11/1978
991,Benjamin Hawkins,29/6/1958
992,Jacob Fowler,13/5/1962
993,Brandy Stevens,5/8/1961
994,Kevin Adams,2/3/1974
995,Sandra Stewart,5/9/1957
996,Anne Herrera,15/1/1980
997,Michael Robinson,2/3/1961
998,Theodore Miller,13/5/1977
999,Debra Dennis,30/4/1979
1000,Caitlin Obrien,25/12/1964
1001,Shane Booth,20/2/1900
1002,Alex Velasquez,11/2/1900
1003,Marco Hernandez,4/3/1900
1004,Michael Lloyd,17/2/1900
1005,Vanessa Scott,23/2/1900
1006,Michael Jones,5/3/1900
1007,April Lloyd,21/2/1900
1008,Larry Smith,19/2/1900
1009,Darrell Smith Jr.,26/2/1900
1010,Edward Pittman,9/2/1900
1011,John Houston DVM,8/3/1900
1012,James Hudson,16/2/1900
1013,Juan Davidson,22/2/1900
1014,Annette Kramer,27/2/1900
1015,Douglas Davis,17/2/1900
1016,Hannah Brown,27/2/1900
1017,Laura Wolf,7/3/1900
1018,Suzanne Harris,21/2/1900
